{
  "totalRecords": 7,
  "records": [
    {
      "MappedComponentNames": [
        "Test_Object_Name",
        "Test_Object_Details"
      ],
      "ComponentType": "FieldSet"
    },
    {
      "MappedComponentNames": [
        "DreamCapital_UtilityBar",
        "Fund_Explorer",
        "LightningService_UtilityBar",
        "LightningSalesConsole_UtilityBar"
      ],
      "ComponentType": "FlexiPage"
    },
    {
      "MappedComponentNames": [
        "Fund"
      ],
      "ComponentType": "CustomObject"
    },
    {
      "MappedComponentNames": [
        "Fund_Explorer"
      ],
      "ComponentType": "CustomTab"
    },
    {
      "MappedComponentNames": [
        "Account_Geo_Clean_Rule_for_Shipping_AddressOutputMapping",
        "Address_Geo_Clean_Rule_for_AddressOutputMapping",
        "Contact_Geo_Clean_Rule_for_Mailing_AddressOutputMapping"
      ],
      "ComponentType": "FieldMapping"
    },
    {
      "MappedComponentNames": [
        "Text",
        "TestCheckBox_Custom",
        "Answer",
        "Question",
        "Active"
      ],
      "ComponentType": "CustomField"
    },
    {
      "MappedComponentNames": [
        "ServiceConsole",
        "AppLauncher",
        "Community"
      ],
      "ComponentType": "CustomApplication"
    }
  ],
  "TestCaseName": "TestCaseNumber03"
}