{
  "totalRecords": 5,
  "records": [
    {
      "MappedComponentNames": [
        "ChangePassword",
        "ForgotPassword",
        "SiteLogin"
      ],
      "ComponentType": "ApexPage"
    },
    {
      "MappedComponentNames": [
        "TestObject",
        "Knowledge"
      ],
      "ComponentType": "CustomObject"
    },
    {
      "MappedComponentNames": [
        "Fund_Explorer"
      ],
      "ComponentType": "CustomTab"
    },
    {
      "MappedComponentNames": [
        "SiteRegisterControllerTest",
        "ChangePasswordController",
        "ChangePasswordControllerTest"
      ],
      "ComponentType": "ApexClass"
    },
    {
      "MappedComponentNames": [
        "TestCheckBox_Custom",
        "Answer",
        "Question"
      ],
      "ComponentType": "CustomField"
    }
  ],
  "TestCaseName": "TestCaseNumber02"
}