{
  "totalRecords": 5,
  "records": [
    {
      "MappedComponentNames": [
        "Standard"
      ],
      "ComponentType": "AssignmentRule"
    },
    {
      "MappedComponentNames": [
        "0Ab5x000000NQUxCAO",
        "0Ab5x000000NQUyCAO",
        "0Ab5x000000NQUzCAO"
      ],
      "ComponentType": "AuraDefinition"
    },
    {
      "MappedComponentNames": [
        "SiteLoginController",
        "SiteLoginControllerTest",
        "SiteRegisterController"
      ],
      "ComponentType": "ApexClass"
    },
    {
      "MappedComponentNames": [
        "HelloWorldTrigger",
        "HelloWorldTrigger_Campaign"
      ],
      "ComponentType": "ApexTrigger"
    },
    {
      "MappedComponentNames": [
        "SiteFooter",
        "SiteHeader",
        "SiteLogin",
        "SitePoweredBy"
      ],
      "ComponentType": "ApexComponent"
    }
  ],
  "TestCaseName": "TestCaseNumber01"
}