{
  "FinalImpactDetails": [
    {
      "ComponentType": "PermissionSet",
      "records": [
        {
          "LastModifiedDate": "2021-09-10T08:10:41.000+0000",
          "ComponentName": "Commerce Admin",
          "LastModifiedByID": "005f2000009EYIyAAO"
        },
        {
          "LastModifiedDate": "2021-09-10T08:10:41.000+0000",
          "ComponentName": "CRM User",
          "LastModifiedByID": "005f2000009EYIyAAO"
        },
        {
          "LastModifiedDate": "2021-09-10T08:10:41.000+0000",
          "ComponentName": "Shopper",
          "LastModifiedByID": "005f2000009EYIyAAO"
        },
        {
          "LastModifiedDate": "2021-09-10T08:10:41.000+0000",
          "ComponentName": "Service Cloud User",
          "LastModifiedByID": "005f2000009EYIyAAO"
        },
        {
          "LastModifiedDate": "2021-09-10T08:10:41.000+0000",
          "ComponentName": "Buyer",
          "LastModifiedByID": "005f2000009EYIyAAO"
        },
        {
          "LastModifiedDate": "2021-09-10T08:10:41.000+0000",
          "ComponentName": "Salesforce Console User",
          "LastModifiedByID": "005f2000009EYIyAAO"
        },
        {
          "LastModifiedDate": "2021-09-10T08:10:41.000+0000",
          "ComponentName": "Security Center Integration User",
          "LastModifiedByID": "005f2000009EYIyAAO"
        },
        {
          "LastModifiedDate": "2021-09-10T08:10:41.000+0000",
          "ComponentName": "Buyer Manager",
          "LastModifiedByID": "005f2000009EYIyAAO"
        },
        {
          "LastModifiedDate": "2021-09-10T08:10:41.000+0000",
          "ComponentName": "Sales Cloud User",
          "LastModifiedByID": "005f2000009EYIyAAO"
        },
        {
          "LastModifiedDate": "2021-09-10T08:10:41.000+0000",
          "ComponentName": "Merchandiser",
          "LastModifiedByID": "005f2000009EYIyAAO"
        },
        {
          "LastModifiedDate": "2021-09-10T08:10:41.000+0000",
          "ComponentName": "Standard Einstein Activity Capture",
          "LastModifiedByID": "005f2000009EYIyAAO"
        },
        {
          "LastModifiedDate": "2021-09-10T08:10:41.000+0000",
          "ComponentName": "Salesforce CMS Integration Admin",
          "LastModifiedByID": "005f2000009EYIyAAO"
        }
      ],
      "TotalRecords": 12
    },
    {
      "ComponentType": "Flow",
      "records": [
        {
          "LastModifiedDate": "2021-09-09T16:21:12.000+0000",
          "ComponentName": "dsfsdgfdsfgdfg",
          "LastModifiedByID": "005f2000009BuHHAA0"
        }
      ],
      "TotalRecords": 1
    }
  ],
  "TotalRecords": 2
}